Best Amenity Scored,lat,lon,amenity,name,distance
0,49.2777729,-123.1208527,bicycle_rental,Nelson & Richards,589.7136504907942
1,49.2873953,-123.1288386,restaurant,JoongWon,650.7259725125751
2,49.2866244,-123.1282577,fast_food,Chongqing on Robson,554.1714266633251
3,49.287665,-123.1292506,restaurant,Stepho's,693.5134339725763
4,49.2867409,-123.1284213,fast_food,A Taste of India,572.0709512849825
5,49.2875709,-123.1291089,restaurant,Hon's Wun-Tun House,678.6555728043679
6,49.2873728,-123.1282271,restaurant,miss KOREAN BBQ,623.7565163395491
7,49.2871553,-123.1290789,restaurant,Forage,639.321603701784
8,49.2870445,-123.128902,restaurant,Timber,621.2532651250617
9,49.2874858,-123.1289807,restaurant,Miko Sushi,665.2313783156873
10,49.2875631,-123.129718,restaurant,Cora,705.4625717255227
11,49.2866006,-123.1282087,cafe,Chatime,549.8392222929313
12,49.2865615,-123.1281828,fast_food,Pok'e Time,545.0998103630927
13,49.2864194,-123.1272344,cafe,Abode,493.5072407675626
14,49.2866559,-123.1274985,pub,Shenanigans,526.4254105079046
15,49.2796591,-123.1162932,bicycle_rental,Homer & Robson,700.7008634306158
16,49.2823937,-123.1185854,bicycle_rental,Granville & Georgia,446.93551083631337
17,49.2881444,-123.1320198,bicycle_rental,Nicola & Robson,871.5872479243574
18,49.2821191,-123.1336624,restaurant,Ramen Koika,733.176991246845
19,49.2814778,-123.1336029,cafe,Exile,736.0170667752848
20,49.2860026,-123.116602,bicycle_rental,Hornby & Pender,717.5223919691857
21,49.2873431,-123.1143935,cafe,Starbucks,944.032788242466
22,49.2842686,-123.1197597,fast_food,Smokehouse Sandwich Co,406.36995905669505
23,49.2863279,-123.1256179,restaurant,Kirin Mandarin Restaurant,439.01963751564097
24,49.285993500000004,-123.1250868,restaurant,Pink Elephant Thai,394.3989138717264
25,49.285902899999996,-123.1249177,cafe,Tim Hortons,382.5581436827447
26,49.2860548,-123.1251718,fast_food,A&W,402.2060321285285
27,49.2860886,-123.1252316,fast_food,Subway,406.72187350591156
28,49.28525,-123.1254062,restaurant,Fantacity Karaoke,318.8530919378407
29,49.2876133,-123.1149238,cafe,Starbucks,928.4469397022311
30,49.2833805,-123.1310401,bicycle_rental,Bute & Comox,536.2137542144452
31,49.2774968,-123.1142367,bicycle_rental,Beatty & Robson,962.9672724176644
32,49.2782142,-123.1186318,bicycle_rental,Homer & Smithe,649.9582299877201
33,49.2761513,-123.1238954,bicycle_rental,Richards & Davie,705.5407710972412
34,49.2765028,-123.1189009,bicycle_rental,Nelson & Mainland,788.2917278007548
35,49.2848652,-123.125665,restaurant,Spicy 6,284.8594115143594
36,49.2796325,-123.1150076,bicycle_rental,Hamilton & Robson,792.9712797911733
37,49.2890376,-123.1320221,restaurant,Liuyishou Hotpot Robson,945.8556157005382
38,49.2792232,-123.1168269,cafe,Gong Cha,687.9976480514117
39,49.2743218,-123.1269429,restaurant,Kaide Sushi Bar,931.4696088968195
40,49.2857921,-123.1209655,bicycle_rental,Burrard Station,450.32683730315824
41,49.2780649,-123.1305066,bicycle_rental,Burrard & Drake,691.0778546312018
42,49.2806129,-123.1247806,bicycle_rental,Horny & Nelson,212.07940496181917
43,49.2802978,-123.1352757,bicycle_rental,Harwood & Bute,892.0926615102909
44,49.2802916,-123.1176938,bicycle_rental,Richards & Robson,571.4362697134055
45,49.2799185,-123.1274469,bicycle_rental,Helmcken & Burrard,377.2228174535199
46,49.2852898,-123.1343648,bicycle_rental,Comox & Broughton,846.2965107248792
47,49.2858689,-123.1272595,bicycle_rental,Bute & Robson,441.2584740672585
48,49.28903,-123.1313276,restaurant,Cinch Grill Italian,911.4741587108457
49,49.2871315,-123.1186171,bicycle_rental,Pender & Burrard,681.0380743169966
50,49.2799912,-123.1164576,theatre,The Centre For Performing Arts,673.1796726575546
51,49.2814683,-123.1172443,restaurant,Glowbal,563.2365478054502
52,49.2862655,-123.1276613,restaurant,Momo Sushi,495.2967548318327
53,49.2830915,-123.1356339,restaurant,Kinara,888.6883075609271
54,49.2744594,-123.1217156,bicycle_rental,Yaletown-Roundhouse Station,915.5364829407399
55,49.2821283,-123.1164589,fast_food,Bay Sushi Cafe,614.3884010585332
56,49.2820949,-123.1165023,fast_food,Kung Fu Noodle,611.2579617339126
57,49.2826167,-123.1151176,fast_food,Pokérrito,718.0833830342157
58,49.282708,-123.1147514,fast_food,Dae Ji,746.9712183484387
59,49.2826109,-123.1146226,fast_food,Sushi Home,756.7671612530191
60,49.2825668,-123.1145555,fast_food,Big Bowl Rice,761.9417040449478
61,49.277114,-123.1225231,bicycle_rental,Richards & Helmcken,613.7147144554534
62,49.2756868,-123.1281101,bar,Cecil Bar,813.0187885990988
63,49.2839339,-123.1223497,restaurant,Shabusen,221.429083309953
64,49.274232,-123.1239335,restaurant,House Special,918.6946634084744
65,49.2747239,-123.1227038,restaurant,La Pentala,872.521600364579
66,49.2745568,-123.1232818,restaurant,Kuma,885.7161769620905
67,49.2744227,-123.1235737,restaurant,Saigon Xua,898.8382729057049
68,49.274321,-123.1237748,restaurant,Tasty Indian Bistro,909.2789539467828
69,49.2741305,-123.1241126,bar,Soho,929.6494493251415
70,49.2753903,-123.1216407,bar,Yaletown Distilling Company,816.3697308236771
71,49.2763088,-123.125815,clinic,Coast Mental Health Resource Centre,697.4496636490805
72,49.275171,-123.1225726,restaurant,Hapa Izakaya,824.9653095997827
73,49.2750527,-123.1221518,fast_food,Living Produce Aisle,843.8722480138384
74,49.2751034,-123.1220829,restaurant,The Flying Pig,839.4439745275943
75,49.2752946,-123.1211862,restaurant,Robba Da Matti,836.3091055293165
76,49.2752508,-123.1212681,bar,The Distillery Bar,839.1384825495892
77,49.2751593,-123.1213923,restaurant,Paulies Kitchen,846.2431910595006
78,49.2750611,-123.1210797,restaurant,Zend Conscious Lounge,863.5724879161279
79,49.2751119,-123.1214624,fast_food,Mister,849.8741489368258
80,49.274839,-123.1218884,restaurant,Sushi Maro,871.3947598850519
81,49.2890985,-123.121827,bicycle_rental,Cordova & Bute,759.8473753292714
82,49.2826274,-123.1252133,restaurant,Le Crocrodile,73.0244141792898
83,49.2796709,-123.1221195,fast_food,Harvey's,356.83009630147217
84,49.2838013,-123.1158299,fast_food,Urban Sushi,678.1199796866578
85,49.283684,-123.1159815,cafe,Caffe Artigiano,663.8170582445441
86,49.2848065,-123.1143227,cafe,Trees Coffee,821.5345084361794
87,49.2847372,-123.1144476,cafe,Creme de la Crumb,809.855940695961
88,49.2814148,-123.1194673,cafe,Café Crêpe,396.3148643292126
89,49.2764454,-123.1195159,restaurant,Tacofino,769.1952114259254
90,49.2763998,-123.1196013,restaurant,West Oak,770.4237249794459
91,49.2760414,-123.1196355,cafe,Chasers,804.4617154799347
92,49.2759204,-123.1203048,restaurant,Wild Tale,794.4850009062371
93,49.2756829,-123.120168,cafe,Lime & Moon Pie Company,822.9720816671563
94,49.278575,-123.1141123,restaurant,Fanny Bay Oyster Bar,907.7216717205991
95,49.2762885,-123.1197566,restaurant,The Greek by Anatoli,775.6895165035754
96,49.2764887,-123.1189668,fast_food,Subway,786.8739522336313
97,49.2764101,-123.1190813,cafe,Coffee House,789.6366778847291
98,49.2898003,-123.1168924,pub,Tap & Barrel,998.1177313329243
99,49.2790349,-123.1235947,bar,Johnnie Fox's,388.12689761125716
100,49.2861774,-123.1269715,cafe,Blenz,460.1612775966049
101,49.2870382,-123.1181012,cafe,Blenz Coffee,700.490227208522
102,49.2807848,-123.124856,fast_food,The Alley,194.52907513044076
103,49.2815126,-123.1201536,bicycle_rental,Robson & Granville,341.9245409388712
104,49.2837396,-123.1184966,bar,Prohibition,474.5527342584217
105,49.2888741,-123.13173,restaurant,Sura Korean,917.3006348784583
106,49.2833353,-123.1174336,fast_food,Opa! Of Greece,545.0326696513052
107,49.2740786,-123.1213858,fast_food,Loving Hut Express food van,962.6555491674168
108,49.2846042,-123.1245931,cafe,Starbucks,236.20267414167606
109,49.2886688,-123.1182129,bicycle_rental,Shaw Tower,835.8061102870979
110,49.281865,-123.1329789,clinic,Bute Street Clinic,682.1236430192002
111,49.2820425,-123.1330451,bicycle_rental,Bute & Davie,685.559233827869
112,49.2861746,-123.1169768,restaurant,The Butcher & Bullock,704.0783923962099
113,49.2799921,-123.1197031,bar,Hollywood North,454.2285357043888
114,49.2772057,-123.1265215,fast_food,Numero Uno Pizza,612.7198149936665
115,49.2789586,-123.1212246,cafe,Starbucks,460.44421807961436
116,49.2783848,-123.1220442,cafe,Nero Belgian Waffle Bar,489.3644816250563
117,49.277516,-123.1270838,fast_food,Sushi Howe,594.3672855574071
118,49.2834485,-123.1221671,pharmacy,Shoppers Drug Mart,197.91504466762882
119,49.2803131,-123.1216797,pub,Cinema Public House,317.11971569091133
120,49.2818072,-123.1240096,restaurant,Kamei Baru,79.24627992703437
121,49.2801553,-123.1209311,fast_food,Pizza Garden,369.8311140536077
122,49.2817082,-123.1238709,restaurant,Pacifico,93.18153744433403
123,49.2794471,-123.1300198,fast_food,Donair King,560.7811106978083
124,49.2829389,-123.115118,bar,Railway Club,719.6488016339009
125,49.2784178,-123.1182179,cafe,Homer St Cafe and Bar,656.6283054517686
126,49.2802018,-123.1306708,restaurant,Kadoya,559.3269934171184
127,49.2802263,-123.1307093,fast_food,Fat Burger,560.7813242376343
128,49.2772339,-123.1296372,bicycle_rental,Drake & Hornby,718.1288702192271
129,49.2759064,-123.1278016,pub,Yale Hotel,781.5778974795061
130,49.2877451,-123.1206603,restaurant,Le Petit Crêpe,649.9572297083637
131,49.288332,-123.1225965,restaurant,Panago Pizza,663.1159060347591
132,49.2871644,-123.1197099,fast_food,Quiznos,631.6397507958096
133,49.2874987,-123.1233065,restaurant,Tableau,562.3334190958252
134,49.2872861,-123.1235682,restaurant,Domo Sushi,536.3628070804145
135,49.2882295,-123.1233339,cafe,Waves Coffee House,642.6582918384939
136,49.279512,-123.1204403,bar,Uva,448.0165753970932
137,49.27993,-123.1275716,restaurant,Burgoo,382.7011417717117
138,49.2767582,-123.1201461,bar,Fayuca,715.3215742016829
139,49.2766247,-123.119889,restaurant,Pierre's,737.7585311274657
140,49.2764587,-123.1205881,clinic,Mainland Clinic,730.748094775141
141,49.2761259,-123.1206022,restaurant,Wild Tale,764.4336816818775
142,49.2802382,-123.1232584,cafe,Railtown Cafe,263.29964483189474
143,49.2798153,-123.1236381,restaurant,Freshii,301.8819223240125
144,49.2737081,-123.1234743,restaurant,Ki Isu Japanese Restaurant,978.6341971849616
145,49.2737767,-123.1232261,restaurant,Little Saigon Yaletown,972.5057812995382
146,49.2873005,-123.1283864,restaurant,Koyuki Sapporo Ramen,623.0660066553457
147,49.2859301,-123.1182815,cafe,Blenz Coffee,606.4396516876642
148,49.2859297,-123.119391,bank,BMO Bank of Montreal,541.86184858532
149,49.2873653,-123.1287891,cafe,Bubble World Tea House,645.8206451737843
150,49.2862733,-123.127097,bank,Scotiabank,474.13338616900654
151,49.2876362,-123.1272215,bicycle_rental,Alberni & Jervis,616.141192302024
152,49.2866651,-123.11834,restaurant,JOEY Bentall One,657.7937533860778
153,49.2805588,-123.1169062,cafe,Cafe Medina,616.6863726627826
154,49.2790584,-123.1230287,bar,The Belmont,394.30992423942706
155,49.2792503,-123.1194358,pharmacy,Sina,523.8375430536883
156,49.2809406,-123.1269099,cafe,Beyond Coffee,267.0616089829289
157,49.2789073,-123.1221767,fast_food,Uncle Fatih's Pizza,431.58360920036273
158,49.2810223,-123.1189956,restaurant,Meat & Bread,445.68600232695485
159,49.280548,-123.1213662,fast_food,McDonald's,315.0338051857515
160,49.280963,-123.1189157,restaurant,Aladdin Cafe,453.9298535126759
161,49.28109,-123.1190968,fast_food,Five Guys,435.58613094784795
162,49.2831516,-123.1154178,fast_food,A&W,698.3618111157248
163,49.2810728,-123.118583,restaurant,Ryuu,473.95529154549115
164,49.2814129,-123.1161159,car_rental,Pacific Car Rentals,650.9972837729252
165,49.2820489,-123.118486,cafe,Starbucks,457.216263000505
166,49.2827779,-123.1116632,cafe,Finch's,988.5543432077923
167,49.2792876,-123.1226649,fast_food,Hungry Guys,378.3434120887349
168,49.2774158,-123.1255337,restaurant,Wings,572.4105849449546
169,49.2821143,-123.1181656,pharmacy,London Drugs,481.4450108378204
170,49.2819996,-123.1177434,bank,Scotiabank,515.5311708432125
171,49.2786045,-123.1184591,restaurant,Per Se Social Corner,628.6590205289427
172,49.2764803,-123.1148881,restaurant,On Yogurt,994.00123018207
173,49.2806424,-123.1312774,fast_food,Fit Camp Foods,582.9365856347579
174,49.2782909,-123.1241919,pub,Donnelan's,466.99510328359344
175,49.2850193,-123.1145937,cafe,Quantum Coffee,809.3578557188631
176,49.2773691,-123.1197879,bank,RBC,669.8406700587938
177,49.282596,-123.1119502,restaurant,Osteria Autostrada,965.6667506247057
178,49.2818319,-123.1234128,restaurant,Boston Pizza,100.83022782213028
179,49.2787028,-123.1302045,cafe,Maple Leaf Delicatessen Coffe Shop,624.8626530234759
180,49.2820073,-123.1229687,restaurant,Hubbub,117.1136378661845
181,49.2807616,-123.1248877,fast_food,Sushi Maki,197.6059867349855
182,49.2904179,-123.1258516,bicycle_rental,Coal Harbour Community Centre,889.851578044515
183,49.2802411,-123.1250614,pub,Relish,257.05452902180764
184,49.2807931,-123.1191954,fast_food,Red Burrito,441.46364660014115
185,49.2801081,-123.1251174,restaurant,Gyu-Kaku,272.456648938931
186,49.2817816,-123.1117459,cafe,Java Cat,984.718029567507
187,49.2800328,-123.1146849,pub,Library Square Public House,799.874951189705
188,49.2777207,-123.1267774,restaurant,Rorimomo,564.5870959057385
189,49.2777827,-123.1268532,cafe,Truffles,560.2007707543472
190,49.2838195,-123.1118877,cafe,Waves Coffee,981.6855182554121
191,49.2833711,-123.1145504,fast_food,Peqish,768.5674361895544
192,49.2845542,-123.1133241,fast_food,Kita no Donburi,888.3506784039662
193,49.2834954,-123.1149019,fast_food,Pizza Vancouver,743.2706437275492
194,49.2847736,-123.1220466,bank,CIBC,309.0640123452125
195,49.2847964,-123.1243067,restaurant,Sushi Yan,256.460513849447
196,49.2838527,-123.1143645,restaurant,Chihuahua's,791.4749918511404
197,49.2846244,-123.1218388,cafe,Starbucks,305.54808394060933
198,49.2858242,-123.126404,pharmacy,London Drugs,405.6058428269505
199,49.2827328,-123.1220614,bicycle_rental,Robson & Hornby,177.0997538538212
200,49.2833178,-123.1191002,cafe,Cafe Bel,416.84915341160723
201,49.2859796,-123.1189243,bank,Banque Nacionale Canada,572.0434904687446
202,49.2860549,-123.1241903,bicycle_rental,Georgia & Thurlow,396.4915821787009
203,49.2847804,-123.1227707,cafe,Thierry,281.3541433887548
204,49.2817211,-123.1165551,cafe,Nosherie,611.5531185570546
205,49.283625,-123.116121,pharmacy,Shoppers Drug Mart,651.8316735357847
206,49.2799326,-123.1302522,restaurant,Banana Leaf,545.3814364086735
207,49.277574,-123.1318508,restaurant,Osaka Sushi,804.5653333295695
208,49.2828492,-123.1158635,restaurant,Gotham,660.8347045002588
209,49.2831979,-123.1204825,bicycle_rental,Vancouver Art Gallery - North Plaza,308.68537662165204
210,49.2782532,-123.1218162,fast_food,24 Train Express Noodle House,509.5653589881266
211,49.2820553,-123.1335652,fast_food,La Belle Patate,726.0268291753586
212,49.2812088,-123.1319734,restaurant,Gurkha Himalayan Kitchen,616.6369185808979
213,49.2820205,-123.1204454,restaurant,Bistro Verde,305.8668687608513
214,49.2862256,-123.1161579,cafe,Edel Express,760.1519342814624
215,49.2856543,-123.1147275,cafe,Caffè Artigiano,827.0418454843414
216,49.2845132,-123.114372,cafe,CoCo Fresh Tea & Juice,808.1950782584845
217,49.2830665,-123.1126225,restaurant,Ha Long Bay,915.2804618154792
218,49.2838332,-123.113312,fast_food,Kyzock - House of Sushi Bowl,872.013651528006
219,49.2839646,-123.1135104,fast_food,Me Crêpes,859.4029779253233
220,49.2840103,-123.1135799,fast_food,2001 Flavors,855.0597865257228
221,49.283201,-123.1123664,bar,Yagger's,936.4010303008749
222,49.2835821,-123.1129034,cafe,Moii Cafe,899.3101025244571
223,49.2836356,-123.1130258,fast_food,Koala Kebabs,890.6602281125815
224,49.2837054,-123.1131194,fast_food,Cham Mani,884.5706736131762
225,49.2841885,-123.1139212,restaurant,Caveman Cafe,833.1857446790608
226,49.2837386,-123.1131665,fast_food,Sushi Spin Roll,881.5055584822219
227,49.2838178,-123.1132808,fast_food,Fresh Slice,874.1262013107167
228,49.2840406,-123.1221606,restaurant,Salam Bombay,240.227543020806
229,49.2787379,-123.1338109,car_sharing,Zipcar,852.6551042998657
230,49.285251099999996,-123.1186391,restaurant,Rue 909 Sushi,538.6763702343741
231,49.2860889,-123.1163367,cafe,Tim Hortons,740.1543889818472
232,49.2851463,-123.1184912,pub,Blackbird,541.7774791946282
233,49.2832205,-123.1155257,cafe,Tim Hortons,690.8321240451331
234,49.2829884,-123.1156531,cafe,Starbucks,678.345492191112
235,49.2766649,-123.1272005,fast_food,Subway,686.2714868952611
236,49.2768995,-123.1268568,bar,The Morrissey,652.9857951721543
237,49.2801028,-123.1181207,restaurant,Bentoya,551.2510301807204
238,49.2809297,-123.1246212,restaurant,Shizen Ya,175.30557536524032
239,49.2874551,-123.1289336,restaurant,Ramen Danbo,660.3556891479211
240,49.2855675,-123.1165611,pub,Moose's Down Under,695.1568500072083
241,49.2792456,-123.1168603,restaurant,Ebi-Ten,684.4653151796948
242,49.2813411,-123.1329394,fast_food,Yummy Pizza,687.4576045236242
243,49.2814237,-123.1330616,bar,The Capital,695.2230524428862
244,49.2806117,-123.1318361,fast_food,Los Amigos Taqueria,625.138352417584
245,49.2805693,-123.1317681,fast_food,Megabite Pizza,621.7333126636694
246,49.2813671,-123.1329957,fast_food,Donair Dude,691.2553805230929
247,49.2832278,-123.1370254,bicycle_rental,Broughton & Burnaby,998.3431488723138
248,49.2818193,-123.1155123,car_sharing,Zipcar,691.1162724640687
249,49.2766479,-123.1256746,restaurant,Manoush’eh,658.4418320156889
250,49.2861606,-123.1242068,restaurant,The Keg Steakhouse + Bar Alberni Street,408.21714641464064
251,49.2848663,-123.1148525,pharmacy,Rexall Drugstore,784.5217730674244
252,49.2890798,-123.1326293,restaurant,Kosoo,980.3497225821036
253,49.2784435,-123.1143287,restaurant,Black Rice Izakaya,900.1307382980614
254,49.2869412,-123.1148363,pub,Lions Pub,890.2370078404614
255,49.2823168,-123.1239578,restaurant,Sala Thai,32.96616064327298
256,49.2865106,-123.1258963,cafe,JJ Bean,464.166278831254
257,49.2813956,-123.1337089,restaurant,Sushi Bar Maumi,745.6450606562843
258,49.284876,-123.1246625,restaurant,Joe Fortes,266.82076362567113
259,49.285665,-123.1272801,cafe,Breka Bakery & Café,423.0058772173069
260,49.2868188,-123.1285213,cafe,Cafe Rico,583.6346694489005
261,49.2870412,-123.1283167,cafe,Tim Hortons,595.6036692948982
262,49.2857079,-123.1269916,restaurant,Blossom Dim Sum & Grill,415.1163048198043
263,49.2850854,-123.125921,restaurant,Zefferelli's Spaghetti Joint,315.20025667031007
264,49.2885656,-123.1177149,cafe,Starbucks,849.4218152607277
265,49.2810287,-123.118654,cafe,Blenz Coffee,470.39469614557396
266,49.2804382,-123.1181035,restaurant,Tractor,535.5106215896814
267,49.2861996,-123.1264976,restaurant,Damso,446.8467170033175
268,49.2786259,-123.1160142,restaurant,Original Joe's,777.3607654248231
269,49.2786063,-123.1168579,restaurant,Patisserie Fur Elise,724.604681986459
270,49.2785018,-123.1156293,fast_food,Subway,810.0823755688212
271,49.2785979,-123.1158033,fast_food,Russet Shack,792.849792943862
272,49.2786375,-123.115902,cafe,Jenjudan,783.9807801722037
273,49.2782724,-123.1154033,pharmacy,Pure Integrative Pharmacy,838.9135284710095
274,49.286296899999996,-123.1277327,cafe,Meet Fresh Robson,501.2268255257719
275,49.2781965,-123.1133537,restaurant,Frankie’s Italian Kitchen & Bar,979.9857766013703
276,49.2762561,-123.1155406,restaurant,Pho Khanh,974.4232591746326
277,49.276166,-123.1157038,cafe,7Days Coffee,972.7159107309307
278,49.2828897,-123.1230681,fast_food,Basil Box,106.07850768893708
279,49.2850423,-123.1205667,cafe,Starbucks,407.12448033243794
280,49.2828886,-123.12373,restaurant,Boulevard Kitchen & Oyster Bar,62.854274976911
281,49.2841391,-123.1142912,fast_food,Burger King,803.7646975213962
282,49.2842663,-123.1144275,restaurant,Gyoza Bar,796.7810090568368
283,49.2765744,-123.1273162,police,Granville Community Policing Centre,698.7778458478044
284,49.277133,-123.1296758,cafe,Starbucks,729.0247056202991
285,49.285769,-123.1247049,restaurant,Neptune Chinese Kitchen,365.9800364944592
286,49.2853887,-123.1229586,cafe,Urban Tea Merchant,338.9556946827821
287,49.2856601,-123.1210867,restaurant,Victoria Chinese Restaurant,432.8732890989965
288,49.2820786,-123.1340707,cafe,Ho Ho's Yummy Food,765.3079701289618
289,49.2821447,-123.1337057,restaurant,Davie Dosa Company,736.4033799576765
290,49.282131,-123.1341558,cafe,Sumac Cafe,771.6268106372104
291,49.2819972,-123.1334555,restaurant,Downtown Sushi Bar,717.9328668168174
292,49.2822483,-123.1343416,cafe,Melriches Coffee House,785.5812085106858
293,49.2822628,-123.1337681,pub,Guu Davie,740.7122078413643
294,49.2818284,-123.1336764,restaurant,Al Basha,736.7910314399901
295,49.2817505,-123.1335605,cafe,Mary's on Davie,728.7011853278148
296,49.2823322,-123.1345615,bar,Score,802.5069923523827
297,49.2819635,-123.1333845,cafe,Blenz Coffee,712.6957781903063
298,49.280931,-123.1323047,fast_food,Pho Goodness,649.4207697224296
299,49.2766922,-123.1202664,restaurant,The Parlour,717.6857233627483
300,49.2776864,-123.116068,restaurant,Grounds for Appeal,836.3839001073654
301,49.2777096,-123.1309686,cafe,Number e Food,744.5725808063884
302,49.2879481,-123.1238127,restaurant,SushiGo,608.1078807646593
303,49.2769091,-123.1307701,restaurant,RV's Butter Kitchen,800.6218072232955
304,49.2832215,-123.1206763,fountain,Edward VII,294.7723226581676
305,49.28049,-123.1316384,restaurant,Taki's Taverna,615.3508254990204
306,49.280638,-123.1310878,restaurant,Cazba,569.2644378524576
307,49.2811705,-123.1204114,fast_food,Burger King,337.5863708807667
308,49.274665,-123.122111,cafe,Starbucks,886.7716092205793
309,49.2890203,-123.1221386,restaurant,JOS,745.5436956266052
310,49.2789851,-123.1164249,cafe,Le Petit Belge,728.6915767258702
311,49.2847649,-123.1210612,fast_food,McDonald's,357.93311064417765
312,49.2848332,-123.1209459,cafe,Tim Hortons,369.6799584549411
313,49.2875394,-123.1200147,cafe,Starbucks,653.8472235455602
314,49.285504,-123.118815,restaurant,Cactus Club Cafe,544.2843505746919
315,49.285292,-123.119384,bank,Canadian Western Bank,494.79211681014897
316,49.2808178,-123.1312913,doctors,Care Point Medical Clinic,577.3815003784042
317,49.2877533,-123.1239048,bicycle_rental,Melville & Bute,586.0674534551002
318,49.2878856,-123.1184927,restaurant,Chewies,752.422156009358
319,49.2859601,-123.1274065,restaurant,Ebisu,455.9426116830792
320,49.2836676,-123.1236177,cafe,Café Crêpe Express,141.39328295437733
321,49.2809013,-123.1322613,restaurant,Mumbai Local,647.0449510877293
322,49.2878625,-123.1239772,cafe,Starbucks,597.9276932396602
323,49.2883499,-123.1238793,pharmacy,Shoppers Drug Mart,652.4209458857754
324,49.2874308,-123.1149042,restaurant,Hapa Izakaya,917.3615124541469
325,49.2840215,-123.1141074,pub,Malone's,814.929969000779
326,49.2811524,-123.1155377,bank,BMO,701.0505692656436
327,49.2804032,-123.121024,theatre,The Orpheum,345.61435154668635
328,49.2818739,-123.1155162,car_sharing,Zipcar,690.1843625088362
329,49.277457,-123.1259686,fast_food,Grade 'A' Cafe,574.6483719365989
330,49.2774975,-123.1259158,fast_food,Mr. Greek,569.3332902376285
331,49.277605,-123.1257615,pub,Sidecar,555.0757624617179
332,49.277701,-123.1256265,restaurant,Umeda Japanese Cuisine,542.5178436946983
333,49.2775903,-123.1252813,car_rental,Access Rent-a-car,550.197286954398
334,49.2778308,-123.1254331,fast_food,Donair Dude,525.5992421442892
335,49.277764,-123.1255337,restaurant,Kings Kitchen,534.2860494758468
336,49.2777995,-123.1254756,restaurant,Twisted Fork Bistro,529.5967386249732
337,49.2776684,-123.1256767,bar,Cabana,546.8353678035596
338,49.2784906,-123.1244505,restaurant,Thai Away Home,444.86863291808083
339,49.2807258,-123.1185785,cafe,Buro,488.4636786060933
340,49.2890583,-123.1250674,bank,RBC,732.822326168898
341,49.2822856,-123.1191044,cafe,Nordstrom E-Bar,406.8631724733776
342,49.2845541,-123.1181578,cafe,Caffe Express,532.2745188727911
343,49.2854943,-123.1171956,restaurant,Shogun,648.1982277212743
344,49.2857406,-123.1168024,bank,Vancity,688.7024511292839
345,49.2789342,-123.1237243,pub,Johnnie Fox's Irish Snug,397.940714906338
346,49.2794404,-123.1230068,cafe,Blenz Coffee,353.85293603788773
347,49.2797017,-123.1226378,restaurant,Colony,336.1804887509931
348,49.2763415,-123.1271096,car_rental,Hertz,718.1040344921074
349,49.2750892,-123.1227583,restaurant,Cactus Club Cafe,831.7118554053112
350,49.2757856,-123.1211099,cafe,Blenz Coffee,786.1103371865064
351,49.2757748,-123.1205164,restaurant,Earls Kitchen + Bar,803.156765236261
352,49.2765618,-123.1193697,restaurant,The Keg Steakhouse + Bar - Yaletown,763.6174946428362
353,49.2781459,-123.1172381,restaurant,Lupo,733.6061493034771
354,49.2786865,-123.1294307,bank,TD Canada Trust,582.9109293809096
355,49.2792632,-123.11611,restaurant,Wasabi,734.0099212243728
356,49.279574,-123.1228171,restaurant,El Furniture Warehouse - Granville,344.349747076565
357,49.2791309,-123.1234758,restaurant,The Dime,379.0328384257493
358,49.2797512,-123.1235262,restaurant,Johnny Rockets,310.49195007158374
359,49.2808952,-123.130541,bicycle_rental,Thurlow & Pendrell,519.1835401415193
360,49.2880327,-123.1236171,fast_food,A&W,618.6288368295318
361,49.2881797,-123.1171247,restaurant,Botanist,845.5950964858624
362,49.2873114,-123.1171281,restaurant,Elephant & Castle,775.8107256532396
363,49.2837118,-123.1135835,restaurant,Cartems Donuterie,848.8415135886123
364,49.2840399,-123.1235612,cafe,Starbucks,181.76426840110412
365,49.2786686,-123.1282908,restaurant,Sushi Mugen,527.1751230926151
366,49.286095,-123.1132237,bicycle_rental,Cordova & Granville,954.318156077129
367,49.2874102,-123.1175261,restaurant,Nightingale,761.4785532031539
368,49.2838402,-123.1138503,pub,Browns Crafthouse,830.7187569980608
369,49.2807293,-123.1323456,bar,The Junction,658.8156367838246
370,49.2862497,-123.1190687,bank,National Bank,584.876402849713
371,49.275649,-123.1170024,bicycle_rental,Beatty & Nelson,950.876557564868
372,49.2801341,-123.118169,fast_food,Falafel King,546.2668805525714
373,49.2794999,-123.1172314,fast_food,Hubbub,644.9643711107747
374,49.2802404,-123.1183332,fast_food,Curry Fusion,529.350085216413
375,49.2801999,-123.1182707,fast_food,Japadog,535.7871926044378
376,49.2801622,-123.1182125,fast_food,Viet Sub,541.7852193072357
377,49.2798631,-123.1177806,fast_food,Chopped Leaf,587.484581508183
378,49.2873965,-123.1143665,fast_food,McDonald's,949.1665657121267
379,49.284463099999996,-123.1134341,cafe,Starbucks,877.4567392634011
380,49.2850471,-123.1120652,cafe,Tim Hortons,997.9833866605989
381,49.2842402,-123.1175601,fast_food,halal arabic food stand,561.7667455574309
382,49.2831011,-123.1171034,fast_food,Mr Shawarma,566.7714230072404
383,49.2852994,-123.1201643,fast_food,Mr Shawarma,449.61427656441896
384,49.2874022,-123.1169095,cafe,JJ Bean,795.1555128733024
385,49.280319,-123.131586,restaurant,Thai Basil,618.7002613358761
386,49.280456,-123.131581,cafe,Baguette cafe,612.5541157266416
387,49.2793561,-123.1234139,fast_food,Mean Poutine,355.2937917914097
388,49.2792751,-123.1233421,fast_food,Megabite,365.2415633266069
389,49.2794324,-123.1235884,pub,The Moose,344.5117779779629
390,49.2792354,-123.1227256,cafe,Tim Hortons,382.2568322850882
391,49.2840032,-123.1254481,restaurant,Guu Original Thurlow,190.7083981086287
392,49.2848635,-123.124863,fast_food,Jugo Juice,267.5670849981268
393,49.2799857,-123.1303512,restaurant,Italian Tomato,548.9828122907131
394,49.2817168,-123.133062,restaurant,Thida Thai,690.4445652938659
395,49.281603,-123.1328977,bar,1181,679.4211043874118
396,49.2816322,-123.1329448,fast_food,Disco Cheetah,682.6037673101022
397,49.2815405,-123.1328119,restaurant,Tom Sushi,673.838049754391
398,49.2814951,-123.1327426,bar,Pumpjack,669.3028423943194
399,49.2814332,-123.1326311,restaurant,Pho Central,661.893498559144
400,49.2813594,-123.132504,restaurant,India Bistro,653.644500507469
401,49.2812333,-123.1323093,fast_food,KFC,641.6191253111838
402,49.2846234,-123.125267,restaurant,Red Robin,248.98082655347352
403,49.2802555,-123.130747,cafe,Tartine Bread and Pies,561.9738869022789
404,49.2762976,-123.1214291,bank,CIBC,724.2240270879227
405,49.2815417,-123.1211798,fast_food,Chipotle,265.7707714382391
406,49.2795281,-123.1237772,restaurant,Sushi Star,331.87506554071734
407,49.2833798,-123.1164113,restaurant,The Keg Steakhouse + Bar - Dunsmuir Street,624.6832922158596
408,49.2797733,-123.1130766,pub,Browns Social House,928.0471813696578
409,49.2754345,-123.1209961,pub,Yaletown Brewing Company,825.9658950981024
410,49.2803909,-123.12543,cafe,Wall Flowers,249.5708300413586
411,49.2817947,-123.1246565,cafe,Starbucks,82.18492676522405
412,49.2866225,-123.1153226,cafe,Mink,838.9690612730762
413,49.2792111,-123.116158,cafe,Pacific Coffee Roasters,733.600000153083
414,49.2791142,-123.1158255,fast_food,Salad Loop,761.5215469428454
415,49.2743433,-123.1232695,restaurant,Rodney's Oyster House,909.447393235914
416,49.279583099999996,-123.1241526,cafe,YaYa's,323.43791422670176
417,49.2816572,-123.1205978,fast_food,Freshslice Pizza,303.91395031334963
418,49.2795971,-123.1174151,fast_food,Orange Julius,627.0886526495813
419,49.2796191,-123.117481,fast_food,A&W,621.4112264969145
420,49.2795681,-123.1173622,restaurant,Memphis Blues BBQ House,632.2934020524821
421,49.2817133,-123.1206758,fast_food,A&W,296.2329156606206
422,49.2857988,-123.1153597,restaurant,Scoozis,789.9450959158614
423,49.2846002,-123.1171091,cafe,Mario's,609.2420231220262
424,49.283152,-123.1159385,restaurant,St. Regis Bar & Grill,657.8951027045271
425,49.2780334,-123.1251115,restaurant,The Pawn Shop,499.59641443552493
426,49.2874645,-123.1295818,bar,The Den,690.3031278224479
427,49.2819069,-123.1187639,ice_cream,Cacao 70,437.6784407851293
428,49.2785408,-123.1157423,restaurant,Marutama Ra-men,800.3159989267008
429,49.2801019,-123.1213535,pub,Dublin Calling,351.54811846385246
430,49.2776328,-123.1310886,cafe,Gemini tea bar,757.2390380209126
431,49.2774536,-123.1313375,fast_food,Daikichi Sushi,785.0905663324286
432,49.277676,-123.1310303,fast_food,Pho,750.6181426815529
433,49.2777387,-123.1309321,fast_food,Sushi Coen,740.2643616428737
434,49.2796906,-123.1130707,bar,Ventura Room,931.5153099354817
435,49.2769066,-123.1154049,pub,Red Racer Taphouse,932.2570418695012
436,49.2770169,-123.1151076,cafe,Rocanini,941.7514942019059
437,49.2865642,-123.1228071,restaurant,Komi,467.82707196421643
438,49.2749478,-123.1217422,restaurant,MeeT in Yaletown,862.1666507168784
439,49.2787971,-123.1234582,fast_food,A&W,415.87278879108845
440,49.2803306,-123.1308594,fast_food,Best Bite Donair,566.2787894028464
441,49.2859592,-123.1152363,cafe,Starbucks,806.869995630121
442,49.284191,-123.1159168,fast_food,Subway,682.2098766375412
443,49.2825244,-123.1144591,restaurant,Ramen Gojiro,769.4403419123668
444,49.2850132,-123.1179138,restaurant,La Taqueria,572.7527555242273
445,49.2771741,-123.1163459,restaurant,Smithe Salad,857.985088166456
446,49.278414,-123.1278962,cafe,Breka Bakery & Café,533.3601936116524
447,49.2809572,-123.1315096,pharmacy,Shoppers Drug Mart,588.894551050631
448,49.2740753,-123.1220882,fast_food,Freshslice Pizza,951.5168949618762
449,49.2872474,-123.1189254,restaurant,Meat & Bread,675.6037748193812
450,49.2860715,-123.1198755,fast_food,The Bagel Stop,527.5212274502175
451,49.2740655,-123.1273593,cafe,Trees Organic Coffee,966.8146836151418
452,49.2784482,-123.125521,fast_food,Unwind,459.4545541405754
453,49.2870439,-123.1197864,fast_food,Fujiya take out,617.2208428656712
454,49.2881291,-123.1160492,car_rental,Hertz,899.6524873172997
455,49.280759,-123.1224298,atm,Bitcoin ATM - Waves Coffee,241.72141446214948
456,49.2776544,-123.125186,fast_food,Domino's,542.1379306075526
457,49.2794772,-123.1229565,restaurant,Romano's Pizza,351.0900276310535
458,49.2894547,-123.1319368,restaurant,Jang Mo Jib Korean Restaurant,977.9163084340397
459,49.2803076,-123.1179254,restaurant,Jinya Ramen Bar,554.3419152402545
460,49.2818976,-123.1187838,restaurant,O Sushi,436.29465699994824
461,49.2848766,-123.1212243,bank,RBC,358.13125726665555
462,49.2874193,-123.1145811,cafe,Tim Hortons,936.9665729160087
463,49.2793791,-123.120222,bar,Red Card Sports Bar + Eatery,470.4429070400978
464,49.2806971,-123.1249776,fast_food,Hooked Poke Bar,206.28067239242873
465,49.2790983,-123.1177066,restaurant,The Noodle Box,638.733138078842
466,49.2807276,-123.1249285,fast_food,Pokérrito,202.0369910874644
467,49.2808062,-123.1248205,fast_food,Trish Juice,191.6017482262148
468,49.2822995,-123.1225128,restaurant,Bacchus,141.3320670906485
469,49.2854427,-123.1172593,fast_food,Twin Leaf,640.9770961314429
470,49.284215,-123.112463,fast_food,Pholicious,945.1790968347876
471,49.2851543,-123.1182162,restaurant,Copper Chimney,560.3953831849209
472,49.284888,-123.1180639,cafe,Starbucks,555.7379106510958
473,49.2848628,-123.1187816,cafe,Cafe Artigiano,505.75084583407937
474,49.2831204,-123.1213927,cafe,Cafe Artigiano,237.876802020552
475,49.2840267,-123.1122692,cafe,Blenz Coffee,956.0570092048899
476,49.2840486,-123.11997,cafe,My Honey's Buns,380.33465692685866
477,49.2830645,-123.1214778,cafe,Faubourg Paris,229.72121676996986
478,49.2824438,-123.122325,cafe,Starbucks,154.50473740366925
479,49.2781123,-123.1263034,restaurant,Mangos Lounge,511.3582769800571
480,49.2834377,-123.1144759,fast_food,Baghdad Cafe,775.3174142635744
481,49.2772847,-123.1276861,fast_food,Pizza Guys,636.4742285220628
482,49.276729,-123.1284758,cafe,Blue Mountain,718.991879316358
483,49.2765348,-123.1287931,cafe,BC's Best Coffee,749.5966281435846
484,49.2835359,-123.1143437,restaurant,Kim House,787.0988807915145
485,49.2761557,-123.1281645,restaurant,White Spot,766.411037787715
486,49.2778449,-123.1276301,restaurant,Nando's,578.4222505325178
487,49.2779076,-123.1277317,fast_food,Subway,575.8630864364933
488,49.274141,-123.1200688,fast_food,Fresh Bowl,985.5433269221581
489,49.2749531,-123.1186556,restaurant,La Terrazza,947.1500708388321
490,49.274321,-123.120786,bank,RBC,948.9889549083488
491,49.2765799,-123.1255768,restaurant,Sushi Yamato,664.7116007716954
492,49.2766935,-123.1257438,restaurant,Happy Noodle House,654.3514652998082
493,49.276801,-123.125897,restaurant,Basil Pasta Bar,644.7924876547783
494,49.276831,-123.126007,restaurant,Jako Sushi,643.2492899591135
495,49.276885,-123.126064,cafe,Persian Tea House,638.3246627781106
496,49.2776017,-123.1272193,cafe,Tim Hortons,589.5303084090184
497,49.2790558,-123.1255832,cafe,Starbucks,394.82509471404666
498,49.2767389,-123.1252348,cafe,Starbucks,643.6560050362599
499,49.2863393,-123.1277946,restaurant,Rise & Noodle,507.80272762021673
500,49.2834975,-123.1125167,cafe,Indigo Age,928.0943032178179
501,49.2837533,-123.1120999,fast_food,Waffle Frenzy,964.1861269243516
502,49.2839142,-123.1123573,fast_food,Subway,947.107790503217
503,49.2762244,-123.1272789,pharmacy,Yale I.D.A. Pharmacy,734.6002646741606
504,49.2765095,-123.1274224,restaurant,Alpha,708.3934904435976
505,49.2767764,-123.1264629,restaurant,Stack House,657.4433152177572
506,49.2770411,-123.1266332,bar,Twelve West,632.7552763234274
507,49.280708,-123.1172196,pub,Kingston,587.981970763425
508,49.279737,-123.126662,restaurant,Tokyo Joe's,357.51040064201817
509,49.280139,-123.127256,cafe,Starbucks,348.9340723508399
510,49.279289,-123.128488,pharmacy,Pharmasave Health Centre,483.6385347823706
511,49.2787163,-123.1289359,fast_food,Mucho Burrito,554.484318201945
512,49.279654,-123.12973,pub,Fountainhead Pub,528.8521326842774
513,49.2872169,-123.1285584,cafe,Starbucks,622.195847638559
514,49.285939,-123.1265796,restaurant,Earl's,422.9069940864291
515,49.278383,-123.1149456,cafe,Waves Coffee House,862.2392960492631
516,49.2796822,-123.1265354,fast_food,Subway,357.8037608825504
517,49.2852515,-123.1161798,cafe,Sciué,705.2632071507197
518,49.285296,-123.1155805,bank,Tangerine,749.7713500577064
519,49.2846685,-123.115193,cafe,Starbucks,752.1369218943154
520,49.284954,-123.115582,cafe,Tim Hortons,734.6496386381215
521,49.28628,-123.117694,bank,Scotiabank,666.6282388443278
522,49.2865213,-123.1172037,bank,CIBC,713.3032836863024
523,49.2799331,-123.1205671,theatre,The Orpheum,407.4507787167424
524,49.283799,-123.1209105,restaurant,Notch8,302.3578871908574
525,49.2834916,-123.1193734,restaurant,Hawksworth Restaurant,400.9765945133629
526,49.2857312,-123.1162364,restaurant,Hydra Estiatorio Mediterranean,726.2245383981168
527,49.2739056,-123.120779,bank,HSBC,993.4426491678649
528,49.2826802,-123.1205496,restaurant,Art Gallery Cafe,293.99471588946983
529,49.2750378,-123.123373,ice_cream,Yaletown Gelato,831.8102206893119
530,49.2806911,-123.1125574,theatre,Vancouver Playhouse,939.6440486556469
531,49.2803131,-123.1131613,theatre,Queen Elizabeth Theatre,903.9016597214571
532,49.2863067,-123.1203763,pharmacy,Bentall Pharmacy,523.6737806715715
533,49.2796131,-123.1239353,fast_food,Babylon Cafe,321.16498524083903
534,49.2798788,-123.1236378,cafe,Pallet Coffee Roasters,294.93217375580565
535,49.2740045,-123.1223976,cafe,Cha Yuan,955.1952539962424
536,49.2786385,-123.1153153,restaurant,Delicious Pho,822.7224030962406
537,49.28822,-123.122313,restaurant,Prestons Restaurant + Lounge,655.8157312623538
538,49.2879048,-123.1200971,restaurant,Showcase Restaurant & Bar,685.9425085893422
539,49.2885746,-123.1212752,bank,TD Canada Trust,716.7240551476734
540,49.2759188,-123.1213778,restaurant,Elisa Wood-Fired Grill,765.569297446064
541,49.2743949,-123.1262124,cafe,Matchstick,912.4671351180222
542,49.2855275,-123.1158492,bank,National Bank,742.0776307036447
543,49.2756803,-123.1217533,restaurant,Cioppino's Mediterranean Grill,782.9446404050665
544,49.2757912,-123.1215871,restaurant,Urban Thai Bistro,774.4822714760685
545,49.2760962,-123.1211142,restaurant,Blue Water Cafe + raw bar,753.3262413334551
546,49.276979,-123.1198226,bank,TD Canada Trust,705.7337020991827
547,49.2767389,-123.119592,bank,Bank Of Montreal,737.862240123411
548,49.2879677,-123.1214202,restaurant,SMAK,649.381359548827
549,49.2784378,-123.124545,restaurant,Templeton's,450.9910617925409
550,49.2769507,-123.1261599,bar,Two Parrots,632.874272810168
551,49.2772949,-123.1266675,fast_food,Fritz's European Fry House,606.5998778252372
552,49.2776678,-123.1266852,fast_food,Freshslice Pizza,567.7072697267964
553,49.2888664,-123.1311016,cafe,PappaRoti,886.3120425255426
554,49.2800579,-123.1309152,fast_food,Pokébar,583.648770442423
555,49.2755361,-123.1208411,restaurant,Yaletown Brewing Company,819.1632080569373
556,49.2822225,-123.1241191,pub,Ballyhoo Public House,32.9362506982641
557,49.2824839,-123.1236248,restaurant,Italian Kitchen,52.796230109541256
558,49.2762353,-123.1250123,restaurant,The Ramenman,697.7169758994633
559,49.2760108,-123.1219029,fast_food,Yopo,744.4312158112879
560,49.2759195,-123.1245551,restaurant,Nuba,730.8784435592896
561,49.2761393,-123.1216965,bank,Scotiabank,734.9167063169009
562,49.2753352,-123.1237311,fast_food,Menchie's Frozen Yogourt,796.8198086081886
563,49.2757085,-123.1222873,bar,The New Oxford,770.3122733226531
564,49.2756856,-123.1220661,restaurant,Brix & Mortar,776.5111608421911
565,49.2761071,-123.1217571,cafe,O-Cha Tea Bar,737.0656882402371
566,49.2798076,-123.1267669,fast_food,Balila,355.1979486451655
567,49.277847,-123.1248161,restaurant,The Edge,517.8525034630301
568,49.2764571,-123.1212148,cafe,Small Victory,712.8766374229826
569,49.2766564,-123.120912,clinic,IV,700.6661965640071
570,49.2804743,-123.1308163,clinic,Naturopathic Medical Centre,556.6049289511643
571,49.2866311,-123.1340267,cafe,Greenhorn Espresso Bar,889.0617324786045
572,49.28207,-123.1137317,cafe,JJ Bean,827.6199895103597
573,49.2819959,-123.1136208,cafe,Field & Social,836.7773436763644
574,49.2870535,-123.1246502,restaurant,Yui Japanese Bistro,508.1762961812674
575,49.2868125,-123.1131691,cafe,Blenz Coffee,994.2193056237803
576,49.2845692,-123.1229311,restaurant,Black+Blue,254.76978114134653
577,49.2761708,-123.1249057,fast_food,Chancho Tortilleria,704.25692737245
578,49.2878268,-123.1162114,ice_cream,Bella Gelateria,867.2628807451376
579,49.278797,-123.1240061,restaurant,The Mexican Antojitos y Cantina,411.2852715106639
580,49.2770609,-123.125447,car_sharing,Vancouver - Davie Street & Granville Street,610.3127015852939
581,49.2765386,-123.1268559,car_rental,Enterprise,691.2780162007605
582,49.2771432,-123.1264714,cafe,Blenz Coffee,618.3005899996137
583,49.2799212,-123.1178938,cafe,Starbucks,576.5948098599924
584,49.2789624,-123.125138,pharmacy,Howe Street Pharmacy,397.6855034375335
585,49.2807244,-123.1224892,cafe,Waves Coffee House,242.05054894656914
586,49.281145,-123.119819,pub,Lennox Pub,380.93860176459197
587,49.276753,-123.1305551,restaurant,Sushi Hiyori,803.8129178888712
588,49.2769504,-123.1300681,restaurant,Giardino Restaurant,763.4142114985402
589,49.2832473,-123.1164016,cafe,Xing Fu Tang,623.2705816753188
590,49.2804593,-123.1219022,fast_food,Subway,293.4854830931286
591,49.282833,-123.1154195,restaurant,Peaceful Restaurant,695.3883243688324
592,49.2852025,-123.1203437,bar,Grain Tasting Bar,432.0441057684471
593,49.2755314,-123.1220139,restaurant,Tavern,794.1359795906051
594,49.2782044,-123.113409,theatre,Frankie's Jazz Club,975.7829502057944
595,49.2796989,-123.1303992,bar,Numbers,568.9677425781358
596,49.2799722,-123.1253119,restaurant,Guu Garden,290.9306149839637
597,49.2750379,-123.1211163,restaurant,Milssam Tacorea,865.2129055943142
598,49.2814927,-123.1331514,restaurant,Dosa and Curry on Davie,700.8878956341695
599,49.285605,-123.1222127,bank,Coast Capital Savings,382.8956881297261
600,49.2860362,-123.1230296,cafe,49th Parallel Café & Lucky's Doughnuts,406.6381212188548
601,49.2786794,-123.1153832,restaurant,Tacos & Cantina,815.823188779212
602,49.2745025,-123.1266571,pharmacy,Pacific Tcm,907.0862426520396
603,49.2743631,-123.1268723,cafe,Doux Crêpes,925.7775450436671
604,49.2808277,-123.1247845,fast_food,One Saigon,188.68109932298458
605,49.2801439,-123.1252235,bank,RBC,270.6823650885008
606,49.2875882,-123.1216196,cafe,Tim Hortons,604.394547598313
607,49.2866181,-123.1209638,fast_food,Triple O's,527.9663645797705
608,49.287548,-123.1210389,restaurant,Heritage Asian Eatery,617.5258924808488
609,49.2873634,-123.1216746,restaurant,Indian Delicacy,579.4760602943215
610,49.2876652,-123.1218959,restaurant,Symphonie,605.379910962145
611,49.2857878,-123.1269044,cafe,Castella Cheesecake,419.446333232466
612,49.2855856,-123.1238076,restaurant,Market by Jean-Georges,346.36143060087846
613,49.2869324,-123.1246607,restaurant,Freshii,494.7768021243921
614,49.279771,-123.1299269,restaurant,Joe's Grill,533.8140537169578
615,49.2795194,-123.1301024,fast_food,Vera's Burger Shack,561.1754210053203
616,49.2787557,-123.1301016,cafe,Molli Cafe,614.9557710259932
617,49.2803846,-123.1309375,cafe,Starbucks,569.3197174207088
618,49.2847445,-123.114506,bar,One Under Vancouver,805.7659730665413
619,49.2897968,-123.1212582,bar,TAP shack Eatery,846.5761888178247
620,49.2853345,-123.1122226,cafe,Sciué,995.8788716991747
621,49.2782597,-123.1222451,clinic,Coast Medical,497.06826526619045
622,49.2876852,-123.1205021,cafe,Caffè Artigiano,649.536865718671
623,49.2792817,-123.1169322,cafe,Starbucks,677.5725835893678
624,49.2772564,-123.1187373,cafe,Starbucks,726.5091706887314
625,49.2768092,-123.1148343,cafe,Starbucks,972.98942055602
626,49.277078,-123.1201214,pharmacy,Shoppers Drug Mart,684.7479530692863
627,49.2880178,-123.1262939,clinic,LASIK MD,634.1268913873416
628,49.2830656,-123.1164538,cafe,Tim Hortons,616.8033675473424
629,49.2848162,-123.1247532,ice_cream,Perverted Ice-Cream,261.07753769848233
630,49.2887053,-123.130825,restaurant,The Captain's Boil,859.029002295474
631,49.2886307,-123.1306655,restaurant,Ramen Koika,844.9636119034976
632,49.280511,-123.1316744,restaurant,Samurai,617.1397120433357
633,49.2789269,-123.1231338,pub,The Beaver Taphouse,406.55506701689075
634,49.2858499,-123.1270004,cafe,Prime's Thai Tea,429.13934878976187
635,49.2800784,-123.1309502,fast_food,Beetbox,585.0268695454289
636,49.2794927,-123.1143598,restaurant,Triple O’s,845.6257169624774
637,49.2847156,-123.1232107,restaurant,COAST Restaurant,261.72143455926425
638,49.2788511,-123.1156891,fast_food,McDonald's,785.4796283179895
639,49.2821466,-123.1185541,cafe,Tim Hortons,450.8734536752522
640,49.2753425,-123.1211166,restaurant,Bistro Sakana,832.8249598657053
641,49.275246,-123.120775,restaurant,Minami Yaletown,851.3378134306013
642,49.2755974,-123.1203095,restaurant,Hula,827.4902667135426
643,49.2741294,-123.121871,fast_food,Jugo Juice,948.8543103835359
644,49.2741,-123.1219573,restaurant,Salsa and Agave Mexican Grill,950.7346744718794
645,49.2740362,-123.1222575,fast_food,Subway,953.4866911974357
646,49.2740162,-123.122343,fast_food,DQ Orange Julius,954.5850589294718
647,49.2791959,-123.1167821,fast_food,Big G,692.5753651638701
648,49.2791657,-123.1167412,restaurant,Sushi Bros,697.0661720879838
649,49.2790996,-123.1166316,fast_food,Brooklyn NYC Pizzeria,708.2305567477173
650,49.2743229,-123.1211417,bank,RBC,941.110694829135
651,49.2875974,-123.1191416,fast_food,Assembli,696.5695366996747
652,49.2745255,-123.1224197,cafe,Caffé Artigiano,897.7301611031996
653,49.2748025,-123.1229936,restaurant,Simply Thai,860.891362158281
654,49.2752575,-123.1236127,cafe,JJBean,806.0105018297085
655,49.2755725,-123.1233974,cafe,Glory Juice,772.4211818037883
656,49.2757381,-123.1237304,cafe,Coo Coo Coffee,752.0966265584168
657,49.2811638,-123.1218545,restaurant,Smak,241.4654694708906
658,49.2788077,-123.1281609,restaurant,Patterson Wonton House,508.69799012426466
659,49.2890942,-123.1322732,restaurant,Tri's Restaurant,963.2975388826009
660,49.2894158,-123.1281531,restaurant,Tri Family Place,826.9484733271798
661,49.2831781,-123.1213224,car_rental,Avis,245.06157574136304
662,49.2798648,-123.1276754,cafe,Elysian Coffee Roasters,393.51983488446984
663,49.2874261,-123.1288848,restaurant,Dae Bak Bon Ga,655.5677501466159
664,49.2824343,-123.124419,fast_food,Japadog,11.177175271665806
665,49.2892662,-123.1269369,restaurant,Kiku Sushi Restaurant,781.1796522075305
666,49.2777744,-123.1275201,restaurant,Firecrust Custom Salads + Pizzas,581.6591872093361
667,49.289165,-123.1322203,restaurant,The Holy Crab,966.6575343299047
668,49.2843286,-123.1178118,fast_food,Carl's Jr.,546.9462947722492
669,49.2866738,-123.1283087,ice_cream,Yogen Früz,560.9551166754204
670,49.2861582,-123.1274973,ice_cream,D'oro Gelato e Caffè,478.4009640004711
671,49.2847774,-123.1168853,restaurant,Joyeaux Café and Restaurant,633.0835424749764
672,49.2882184,-123.1265091,restaurant,TurF,659.973720648578
673,49.2887314,-123.1281326,fast_food,Subway,755.9477184522933
674,49.2903172,-123.12894,cafe,Take Five Café,942.9372914871952
675,49.2848699,-123.128767,bicycle_rental,Bute & Barclay,438.1990621697831
676,49.2833273,-123.1252595,bicycle_rental,Smithe & Burrard,119.56756199562611
677,49.2819109,-123.1135011,restaurant,White Spot,846.7820376497775
678,49.2807022,-123.1319611,restaurant,Stepho's Greek Restaurant,631.1171225306913
679,49.2802104,-123.1311973,restaurant,Denny's,595.8727384711008
680,49.2797668,-123.1304883,fast_food,Subway,570.7780954689695
681,49.2836188,-123.1194881,bank,HSBC Bank Canada,396.6162773257103
682,49.2870566,-123.1163208,bank,HSBC,804.4150832543702
683,49.2876624,-123.1155926,restaurant,Rogue Kitchen & Wetbar,891.2483932323037
684,49.282614,-123.123415,restaurant,JOEY Burrard,70.55594543308713
685,49.2811807,-123.1242771,cafe,Tim Hortons,145.5985267934652
686,49.2815936,-123.1237542,restaurant,Earl's,108.42609594582879
687,49.283029,-123.121574,cafe,Cafe Bellagio,221.40503093815278
688,49.281185,-123.1322275,restaurant,Neptune Chinese Kitchen,636.5810600153509
689,49.2793936,-123.1235036,restaurant,La Cantina,349.88907600570286
690,49.2865297,-123.1211821,bank,TD Canada Trust,511.08447105645706
691,49.2834313,-123.114175,bank,RIA,798.5385050347304
692,49.2788186,-123.1220581,restaurant,Heirs Pears,444.2800505207522
693,49.2794177,-123.1205988,restaurant,Cibo Trattora,447.7134675393534
694,49.2811031,-123.1219144,restaurant,Poke Time,242.0180507336846
695,49.2789055,-123.1238063,restaurant,Banh Mi Timon,400.44293574208734
